row,id,version,name,style,upc,quantity,price
1,1,1,Test Data Name 1,SICILIAN,123,5000,14.99
2,2,1,Test Data Name 2,CHICAGO,124,4990,13.99
3,3,1,Test Data Name 3,NYC,125,4980,15.99
4,4,1,Test Data Name 4,DETROIT,126,4970,12.99
5,5,1,Test Data Name 5,NEOPOLITAN,127,4960,15.99
6,6,1,Test Data Name 6,SICILIAN,128,4950,15.09
7,7,1,Test Data Name 7,CHICAGO,129,4940,15.19
8,8,1,Test Data Name 8,NYC,130,4930,15.29
9,9,1,Test Data Name 9,DETROIT,131,4920,15.39
10,10,1,Test Data Name 10,NEOPOLITAN,132,4910,15.49
11,11,1,Test Data Name 11,SICILIAN,133,4900,15.59
12,12,1,Test Data Name 12,CHICAGO,134,4890,15.69
13,13,1,Test Data Name 13,NYC,135,4880,15.79
14,14,1,Test Data Name 14,DETROIT,136,4870,15.89
15,15,1,Test Data Name 15,NEOPOLITAN,137,4860,15.99
16,16,1,Test Data Name 16,SICILIAN,138,4850,16.09
17,17,1,Test Data Name 17,CHICAGO,139,4840,16.19
18,18,1,Test Data Name 18,NYC,140,4830,16.29
19,19,1,Test Data Name 19,DETROIT,141,4820,16.39
20,20,1,Test Data Name 20,NEOPOLITAN,142,4810,16.49
21,21,1,Test Data Name 21,SICILIAN,143,4800,16.59
22,22,1,Test Data Name 22,CHICAGO,144,4790,16.69
23,23,1,Test Data Name 23,NYC,145,4780,16.79
24,24,1,Test Data Name 24,DETROIT,146,4770,16.89
25,25,1,Test Data Name 25,NEOPOLITAN,147,4760,16.99
26,26,1,Test Data Name 26,SICILIAN,148,4750,17.09
27,27,1,Test Data Name 27,CHICAGO,149,4740,17.19
28,28,1,Test Data Name 28,NYC,150,4730,17.29
29,29,1,Test Data Name 29,DETROIT,151,4720,17.39
30,30,1,Test Data Name 30,NEOPOLITAN,152,4710,17.49
31,31,1,Test Data Name 31,SICILIAN,153,4700,17.59
32,32,1,Test Data Name 32,CHICAGO,154,4690,17.69
33,33,1,Test Data Name 33,NYC,155,4680,17.79
34,34,1,Test Data Name 34,DETROIT,156,4670,17.89
35,35,1,Test Data Name 35,NEOPOLITAN,157,4660,17.99
36,36,1,Test Data Name 36,SICILIAN,158,4650,18.09
37,37,1,Test Data Name 37,CHICAGO,159,4640,18.19
38,38,1,Test Data Name 38,NYC,160,4630,18.29
39,39,1,Test Data Name 39,DETROIT,161,4620,18.39
40,40,1,Test Data Name 40,NEOPOLITAN,162,4610,18.49
41,41,1,Test Data Name 41,SICILIAN,163,4600,18.59
42,42,1,Test Data Name 42,CHICAGO,164,4590,18.69
43,43,1,Test Data Name 43,NYC,165,4580,18.79
44,44,1,Test Data Name 44,DETROIT,166,4570,18.89
45,45,1,Test Data Name 45,NEOPOLITAN,167,4560,18.99
46,46,1,Test Data Name 46,SICILIAN,168,4550,19.09
47,47,1,Test Data Name 47,CHICAGO,169,4540,19.19
48,48,1,Test Data Name 48,NYC,170,4530,19.29
49,49,1,Test Data Name 49,DETROIT,171,4520,19.39
50,50,1,Test Data Name 50,NEOPOLITAN,172,4510,19.49
51,51,1,Test Data Name 51,SICILIAN,173,4500,19.59
52,52,1,Test Data Name 52,CHICAGO,174,4490,19.69
53,53,1,Test Data Name 53,NYC,175,4480,19.79
54,54,1,Test Data Name 54,DETROIT,176,4470,19.89
55,55,1,Test Data Name 55,NEOPOLITAN,177,4460,19.99
56,56,1,Test Data Name 56,SICILIAN,178,4450,20.09
57,57,1,Test Data Name 57,CHICAGO,179,4440,20.19
58,58,1,Test Data Name 58,NYC,180,4430,20.29
59,59,1,Test Data Name 59,DETROIT,181,4420,20.39
60,60,1,Test Data Name 60,NEOPOLITAN,182,4410,20.49
61,61,1,Test Data Name 61,SICILIAN,183,4400,20.59
62,62,1,Test Data Name 62,CHICAGO,184,4390,20.69
63,63,1,Test Data Name 63,NYC,185,4380,20.79
64,64,1,Test Data Name 64,DETROIT,186,4370,20.89
65,65,1,Test Data Name 65,NEOPOLITAN,187,4360,20.99
66,66,1,Test Data Name 66,SICILIAN,188,4350,21.09
67,67,1,Test Data Name 67,CHICAGO,189,4340,21.19
68,68,1,Test Data Name 68,NYC,190,4330,21.29
69,69,1,Test Data Name 69,DETROIT,191,4320,21.39
70,70,1,Test Data Name 70,NEOPOLITAN,192,4310,21.49
71,71,1,Test Data Name 71,SICILIAN,193,4300,21.59
72,72,1,Test Data Name 72,CHICAGO,194,4290,21.69
73,73,1,Test Data Name 73,NYC,195,4280,21.79
74,74,1,Test Data Name 74,DETROIT,196,4270,21.89
75,75,1,Test Data Name 75,NEOPOLITAN,197,4260,21.99
76,76,1,Test Data Name 76,SICILIAN,198,4250,22.09
77,77,1,Test Data Name 77,CHICAGO,199,4240,22.19
78,78,1,Test Data Name 78,NYC,200,4230,22.29
79,79,1,Test Data Name 79,DETROIT,201,4220,22.39
80,80,1,Test Data Name 80,NEOPOLITAN,202,4210,22.49
81,81,1,Test Data Name 81,SICILIAN,203,4200,22.59
82,82,1,Test Data Name 82,CHICAGO,204,4190,22.69
83,83,1,Test Data Name 83,NYC,205,4180,22.79
84,84,1,Test Data Name 84,DETROIT,206,4170,22.89
85,85,1,Test Data Name 85,NEOPOLITAN,207,4160,22.99
86,86,1,Test Data Name 86,SICILIAN,208,4150,23.09
87,87,1,Test Data Name 87,CHICAGO,209,4140,23.19
88,88,1,Test Data Name 88,NYC,210,4130,23.29
89,89,1,Test Data Name 89,DETROIT,211,4120,23.39
90,90,1,Test Data Name 90,NEOPOLITAN,212,4110,23.49
91,91,1,Test Data Name 91,SICILIAN,213,4100,23.59
92,92,1,Test Data Name 92,CHICAGO,214,4090,23.69
93,93,1,Test Data Name 93,NYC,215,4080,23.79
94,94,1,Test Data Name 94,DETROIT,216,4070,23.89
95,95,1,Test Data Name 95,NEOPOLITAN,217,4060,23.99
96,96,1,Test Data Name 96,SICILIAN,218,4050,24.09
97,97,1,Test Data Name 97,CHICAGO,219,4040,24.19
98,98,1,Test Data Name 98,NYC,220,4030,24.29
99,99,1,Test Data Name 99,DETROIT,221,4020,24.39
100,100,1,Test Data Name 100,NEOPOLITAN,222,4010,24.49
101,101,1,Test Data Name 101,SICILIAN,223,4000,24.59
102,102,1,Test Data Name 102,CHICAGO,224,3990,24.69
103,103,1,Test Data Name 103,NYC,225,3980,24.79
104,104,1,Test Data Name 104,DETROIT,226,3970,24.89
105,105,1,Test Data Name 105,NEOPOLITAN,227,3960,24.99
106,106,1,Test Data Name 106,SICILIAN,228,3950,25.09
107,107,1,Test Data Name 107,CHICAGO,229,3940,25.19
108,108,1,Test Data Name 108,NYC,230,3930,25.29
109,109,1,Test Data Name 109,DETROIT,231,3920,25.39
110,110,1,Test Data Name 110,NEOPOLITAN,232,3910,25.49
111,111,1,Test Data Name 111,SICILIAN,233,3900,25.59
112,112,1,Test Data Name 112,CHICAGO,234,3890,25.69
113,113,1,Test Data Name 113,NYC,235,3880,25.79
114,114,1,Test Data Name 114,DETROIT,236,3870,25.89
115,115,1,Test Data Name 115,NEOPOLITAN,237,3860,25.99
116,116,1,Test Data Name 116,SICILIAN,238,3850,26.09
117,117,1,Test Data Name 117,CHICAGO,239,3840,26.19
118,118,1,Test Data Name 118,NYC,240,3830,26.29
119,119,1,Test Data Name 119,DETROIT,241,3820,26.39
120,120,1,Test Data Name 120,NEOPOLITAN,242,3810,26.49
121,121,1,Test Data Name 121,SICILIAN,243,3800,26.59
122,122,1,Test Data Name 122,CHICAGO,244,3790,26.69
123,123,1,Test Data Name 123,NYC,245,3780,26.79
124,124,1,Test Data Name 124,DETROIT,246,3770,26.89
125,125,1,Test Data Name 125,NEOPOLITAN,247,3760,26.99
126,126,1,Test Data Name 126,SICILIAN,248,3750,27.09
127,127,1,Test Data Name 127,CHICAGO,249,3740,27.19
128,128,1,Test Data Name 128,NYC,250,3730,27.29
129,129,1,Test Data Name 129,DETROIT,251,3720,27.39
130,130,1,Test Data Name 130,NEOPOLITAN,252,3710,27.49
131,131,1,Test Data Name 131,SICILIAN,253,3700,27.59
132,132,1,Test Data Name 132,CHICAGO,254,3690,27.69
133,133,1,Test Data Name 133,NYC,255,3680,27.79
134,134,1,Test Data Name 134,DETROIT,256,3670,27.89
135,135,1,Test Data Name 135,NEOPOLITAN,257,3660,27.99
136,136,1,Test Data Name 136,SICILIAN,258,3650,28.09
137,137,1,Test Data Name 137,CHICAGO,259,3640,28.19
138,138,1,Test Data Name 138,NYC,260,3630,28.29
139,139,1,Test Data Name 139,DETROIT,261,3620,28.39
140,140,1,Test Data Name 140,NEOPOLITAN,262,3610,28.49
141,141,1,Test Data Name 141,SICILIAN,263,3600,28.59
142,142,1,Test Data Name 142,CHICAGO,264,3590,28.69
143,143,1,Test Data Name 143,NYC,265,3580,28.79
144,144,1,Test Data Name 144,DETROIT,266,3570,28.89
145,145,1,Test Data Name 145,NEOPOLITAN,267,3560,28.99
146,146,1,Test Data Name 146,SICILIAN,268,3550,29.09
147,147,1,Test Data Name 147,CHICAGO,269,3540,29.19
148,148,1,Test Data Name 148,NYC,270,3530,29.29
149,149,1,Test Data Name 149,DETROIT,271,3520,29.39
150,150,1,Test Data Name 150,NEOPOLITAN,272,3510,29.49
151,151,1,Test Data Name 151,SICILIAN,273,3500,29.59
152,152,1,Test Data Name 152,CHICAGO,274,3490,29.69
153,153,1,Test Data Name 153,NYC,275,3480,29.79
154,154,1,Test Data Name 154,DETROIT,276,3470,29.89
155,155,1,Test Data Name 155,NEOPOLITAN,277,3460,29.99
156,156,1,Test Data Name 156,SICILIAN,278,3450,30.09
157,157,1,Test Data Name 157,CHICAGO,279,3440,30.19
158,158,1,Test Data Name 158,NYC,280,3430,30.29
159,159,1,Test Data Name 159,DETROIT,281,3420,30.39
160,160,1,Test Data Name 160,NEOPOLITAN,282,3410,30.49
161,161,1,Test Data Name 161,SICILIAN,283,3400,30.59
162,162,1,Test Data Name 162,CHICAGO,284,3390,30.69
163,163,1,Test Data Name 163,NYC,285,3380,30.79
164,164,1,Test Data Name 164,DETROIT,286,3370,30.89
165,165,1,Test Data Name 165,NEOPOLITAN,287,3360,30.99
166,166,1,Test Data Name 166,SICILIAN,288,3350,31.09
167,167,1,Test Data Name 167,CHICAGO,289,3340,31.19
168,168,1,Test Data Name 168,NYC,290,3330,31.29
169,169,1,Test Data Name 169,DETROIT,291,3320,31.39
170,170,1,Test Data Name 170,NEOPOLITAN,292,3310,31.49
171,171,1,Test Data Name 171,SICILIAN,293,3300,31.59
172,172,1,Test Data Name 172,CHICAGO,294,3290,31.69
173,173,1,Test Data Name 173,NYC,295,3280,31.79
174,174,1,Test Data Name 174,DETROIT,296,3270,31.89
175,175,1,Test Data Name 175,NEOPOLITAN,297,3260,31.99
176,176,1,Test Data Name 176,SICILIAN,298,3250,32.09
177,177,1,Test Data Name 177,CHICAGO,299,3240,32.19
178,178,1,Test Data Name 178,NYC,300,3230,32.29
179,179,1,Test Data Name 179,DETROIT,301,3220,32.39
180,180,1,Test Data Name 180,NEOPOLITAN,302,3210,32.49
181,181,1,Test Data Name 181,SICILIAN,303,3200,32.59
182,182,1,Test Data Name 182,CHICAGO,304,3190,32.69
183,183,1,Test Data Name 183,NYC,305,3180,32.79
184,184,1,Test Data Name 184,DETROIT,306,3170,32.89
185,185,1,Test Data Name 185,NEOPOLITAN,307,3160,32.99
186,186,1,Test Data Name 186,SICILIAN,308,3150,33.09
187,187,1,Test Data Name 187,CHICAGO,309,3140,33.19
188,188,1,Test Data Name 188,NYC,310,3130,33.29
189,189,1,Test Data Name 189,DETROIT,311,3120,33.39
190,190,1,Test Data Name 190,NEOPOLITAN,312,3110,33.49
191,191,1,Test Data Name 191,SICILIAN,313,3100,33.59
192,192,1,Test Data Name 192,CHICAGO,314,3090,33.69
193,193,1,Test Data Name 193,NYC,315,3080,33.79
194,194,1,Test Data Name 194,DETROIT,316,3070,33.89
195,195,1,Test Data Name 195,NEOPOLITAN,317,3060,33.99
196,196,1,Test Data Name 196,SICILIAN,318,3050,34.09
197,197,1,Test Data Name 197,CHICAGO,319,3040,34.19
198,198,1,Test Data Name 198,NYC,320,3030,34.29
199,199,1,Test Data Name 199,DETROIT,321,3020,34.39
200,200,1,Test Data Name 200,NEOPOLITAN,322,3010,34.49
201,201,1,Test Data Name 201,SICILIAN,323,3000,34.59
202,202,1,Test Data Name 202,CHICAGO,324,2990,34.69
203,203,1,Test Data Name 203,NYC,325,2980,34.79
204,204,1,Test Data Name 204,DETROIT,326,2970,34.89
205,205,1,Test Data Name 205,NEOPOLITAN,327,2960,34.99
206,206,1,Test Data Name 206,SICILIAN,328,2950,35.09
207,207,1,Test Data Name 207,CHICAGO,329,2940,35.19
208,208,1,Test Data Name 208,NYC,330,2930,35.29
209,209,1,Test Data Name 209,DETROIT,331,2920,35.39
210,210,1,Test Data Name 210,NEOPOLITAN,332,2910,35.49
211,211,1,Test Data Name 211,SICILIAN,333,2900,35.59
212,212,1,Test Data Name 212,CHICAGO,334,2890,35.69
213,213,1,Test Data Name 213,NYC,335,2880,35.79
214,214,1,Test Data Name 214,DETROIT,336,2870,35.89
215,215,1,Test Data Name 215,NEOPOLITAN,337,2860,35.99
216,216,1,Test Data Name 216,SICILIAN,338,2850,36.09
217,217,1,Test Data Name 217,CHICAGO,339,2840,36.19
218,218,1,Test Data Name 218,NYC,340,2830,36.29
219,219,1,Test Data Name 219,DETROIT,341,2820,36.39
220,220,1,Test Data Name 220,NEOPOLITAN,342,2810,36.49
221,221,1,Test Data Name 221,SICILIAN,343,2800,36.59
222,222,1,Test Data Name 222,CHICAGO,344,2790,36.69
223,223,1,Test Data Name 223,NYC,345,2780,36.79
224,224,1,Test Data Name 224,DETROIT,346,2770,36.89
225,225,1,Test Data Name 225,NEOPOLITAN,347,2760,36.99
226,226,1,Test Data Name 226,SICILIAN,348,2750,37.09
227,227,1,Test Data Name 227,CHICAGO,349,2740,37.19
228,228,1,Test Data Name 228,NYC,350,2730,37.29
229,229,1,Test Data Name 229,DETROIT,351,2720,37.39
230,230,1,Test Data Name 230,NEOPOLITAN,352,2710,37.49
231,231,1,Test Data Name 231,SICILIAN,353,2700,37.59
232,232,1,Test Data Name 232,CHICAGO,354,2690,37.69
233,233,1,Test Data Name 233,NYC,355,2680,37.79
234,234,1,Test Data Name 234,DETROIT,356,2670,37.89
235,235,1,Test Data Name 235,NEOPOLITAN,357,2660,37.99
236,236,1,Test Data Name 236,SICILIAN,358,2650,38.09
237,237,1,Test Data Name 237,CHICAGO,359,2640,38.19
238,238,1,Test Data Name 238,NYC,360,2630,38.29
239,239,1,Test Data Name 239,DETROIT,361,2620,38.39
240,240,1,Test Data Name 240,NEOPOLITAN,362,2610,38.49
241,241,1,Test Data Name 241,SICILIAN,363,2600,38.59
242,242,1,Test Data Name 242,CHICAGO,364,2590,38.69
243,243,1,Test Data Name 243,NYC,365,2580,38.79
244,244,1,Test Data Name 244,DETROIT,366,2570,38.89
245,245,1,Test Data Name 245,NEOPOLITAN,367,2560,38.99
246,246,1,Test Data Name 246,SICILIAN,368,2550,39.09
247,247,1,Test Data Name 247,CHICAGO,369,2540,39.19
248,248,1,Test Data Name 248,NYC,370,2530,39.29
249,249,1,Test Data Name 249,DETROIT,371,2520,39.39
250,250,1,Test Data Name 250,NEOPOLITAN,372,2510,39.49
251,251,1,Test Data Name 251,SICILIAN,373,2500,39.59
252,252,1,Test Data Name 252,CHICAGO,374,2490,39.69
253,253,1,Test Data Name 253,NYC,375,2480,39.79
254,254,1,Test Data Name 254,DETROIT,376,2470,39.89
255,255,1,Test Data Name 255,NEOPOLITAN,377,2460,39.99
256,256,1,Test Data Name 256,SICILIAN,378,2450,40.09
257,257,1,Test Data Name 257,CHICAGO,379,2440,40.19
258,258,1,Test Data Name 258,NYC,380,2430,40.29
259,259,1,Test Data Name 259,DETROIT,381,2420,40.39
260,260,1,Test Data Name 260,NEOPOLITAN,382,2410,40.49
261,261,1,Test Data Name 261,SICILIAN,383,2400,40.59
262,262,1,Test Data Name 262,CHICAGO,384,2390,40.69
263,263,1,Test Data Name 263,NYC,385,2380,40.79
264,264,1,Test Data Name 264,DETROIT,386,2370,40.89
265,265,1,Test Data Name 265,NEOPOLITAN,387,2360,40.99
266,266,1,Test Data Name 266,SICILIAN,388,2350,41.09
267,267,1,Test Data Name 267,CHICAGO,389,2340,41.19
268,268,1,Test Data Name 268,NYC,390,2330,41.29
269,269,1,Test Data Name 269,DETROIT,391,2320,41.39
270,270,1,Test Data Name 270,NEOPOLITAN,392,2310,41.49
271,271,1,Test Data Name 271,SICILIAN,393,2300,41.59
272,272,1,Test Data Name 272,CHICAGO,394,2290,41.69
273,273,1,Test Data Name 273,NYC,395,2280,41.79
274,274,1,Test Data Name 274,DETROIT,396,2270,41.89
275,275,1,Test Data Name 275,NEOPOLITAN,397,2260,41.99
276,276,1,Test Data Name 276,SICILIAN,398,2250,42.09
277,277,1,Test Data Name 277,CHICAGO,399,2240,42.19
278,278,1,Test Data Name 278,NYC,400,2230,42.29
279,279,1,Test Data Name 279,DETROIT,401,2220,42.39
280,280,1,Test Data Name 280,NEOPOLITAN,402,2210,42.49
281,281,1,Test Data Name 281,SICILIAN,403,2200,42.59
282,282,1,Test Data Name 282,CHICAGO,404,2190,42.69
283,283,1,Test Data Name 283,NYC,405,2180,42.79
284,284,1,Test Data Name 284,DETROIT,406,2170,42.89
285,285,1,Test Data Name 285,NEOPOLITAN,407,2160,42.99
286,286,1,Test Data Name 286,SICILIAN,408,2150,43.09
287,287,1,Test Data Name 287,CHICAGO,409,2140,43.19
288,288,1,Test Data Name 288,NYC,410,2130,43.29
289,289,1,Test Data Name 289,DETROIT,411,2120,43.39
290,290,1,Test Data Name 290,NEOPOLITAN,412,2110,43.49
291,291,1,Test Data Name 291,SICILIAN,413,2100,43.59
292,292,1,Test Data Name 292,CHICAGO,414,2090,43.69
293,293,1,Test Data Name 293,NYC,415,2080,43.79
294,294,1,Test Data Name 294,DETROIT,416,2070,43.89
295,295,1,Test Data Name 295,NEOPOLITAN,417,2060,43.99
296,296,1,Test Data Name 296,SICILIAN,418,2050,44.09
297,297,1,Test Data Name 297,CHICAGO,419,2040,44.19
298,298,1,Test Data Name 298,NYC,420,2030,44.29
299,299,1,Test Data Name 299,DETROIT,421,2020,44.39
300,300,1,Test Data Name 300,NEOPOLITAN,422,2010,44.49
301,301,1,Test Data Name 301,SICILIAN,423,2000,44.59
302,302,1,Test Data Name 302,CHICAGO,424,1990,44.69
303,303,1,Test Data Name 303,NYC,425,1980,44.79
304,304,1,Test Data Name 304,DETROIT,426,1970,44.89
305,305,1,Test Data Name 305,NEOPOLITAN,427,1960,44.99
306,306,1,Test Data Name 306,SICILIAN,428,1950,45.09
307,307,1,Test Data Name 307,CHICAGO,429,1940,45.19
308,308,1,Test Data Name 308,NYC,430,1930,45.29
309,309,1,Test Data Name 309,DETROIT,431,1920,45.39
310,310,1,Test Data Name 310,NEOPOLITAN,432,1910,45.49
311,311,1,Test Data Name 311,SICILIAN,433,1900,45.59
312,312,1,Test Data Name 312,CHICAGO,434,1890,45.69
313,313,1,Test Data Name 313,NYC,435,1880,45.79
314,314,1,Test Data Name 314,DETROIT,436,1870,45.89
315,315,1,Test Data Name 315,NEOPOLITAN,437,1860,45.99
316,316,1,Test Data Name 316,SICILIAN,438,1850,46.09
317,317,1,Test Data Name 317,CHICAGO,439,1840,46.19
318,318,1,Test Data Name 318,NYC,440,1830,46.29
319,319,1,Test Data Name 319,DETROIT,441,1820,46.39
320,320,1,Test Data Name 320,NEOPOLITAN,442,1810,46.49
321,321,1,Test Data Name 321,SICILIAN,443,1800,46.59
322,322,1,Test Data Name 322,CHICAGO,444,1790,46.69
323,323,1,Test Data Name 323,NYC,445,1780,46.79
324,324,1,Test Data Name 324,DETROIT,446,1770,46.89
325,325,1,Test Data Name 325,NEOPOLITAN,447,1760,46.99
326,326,1,Test Data Name 326,SICILIAN,448,1750,47.09
327,327,1,Test Data Name 327,CHICAGO,449,1740,47.19
328,328,1,Test Data Name 328,NYC,450,1730,47.29
329,329,1,Test Data Name 329,DETROIT,451,1720,47.39
330,330,1,Test Data Name 330,NEOPOLITAN,452,1710,47.49
331,331,1,Test Data Name 331,SICILIAN,453,1700,47.59
332,332,1,Test Data Name 332,CHICAGO,454,1690,47.69
333,333,1,Test Data Name 333,NYC,455,1680,47.79
334,334,1,Test Data Name 334,DETROIT,456,1670,47.89
335,335,1,Test Data Name 335,NEOPOLITAN,457,1660,47.99
336,336,1,Test Data Name 336,SICILIAN,458,1650,48.09
337,337,1,Test Data Name 337,CHICAGO,459,1640,48.19
338,338,1,Test Data Name 338,NYC,460,1630,48.29
339,339,1,Test Data Name 339,DETROIT,461,1620,48.39
340,340,1,Test Data Name 340,NEOPOLITAN,462,1610,48.49
341,341,1,Test Data Name 341,SICILIAN,463,1600,48.59
342,342,1,Test Data Name 342,CHICAGO,464,1590,48.69
343,343,1,Test Data Name 343,NYC,465,1580,48.79
344,344,1,Test Data Name 344,DETROIT,466,1570,48.89
345,345,1,Test Data Name 345,NEOPOLITAN,467,1560,48.99
346,346,1,Test Data Name 346,SICILIAN,468,1550,49.09
347,347,1,Test Data Name 347,CHICAGO,469,1540,49.19
348,348,1,Test Data Name 348,NYC,470,1530,49.29
349,349,1,Test Data Name 349,DETROIT,471,1520,49.39
350,350,1,Test Data Name 350,NEOPOLITAN,472,1510,49.49
351,351,1,Test Data Name 351,SICILIAN,473,1500,49.59
352,352,1,Test Data Name 352,CHICAGO,474,1490,49.69
353,353,1,Test Data Name 353,NYC,475,1480,49.79
354,354,1,Test Data Name 354,DETROIT,476,1470,49.89
355,355,1,Test Data Name 355,NEOPOLITAN,477,1460,49.99
356,356,1,Test Data Name 356,SICILIAN,478,1450,50.09
357,357,1,Test Data Name 357,CHICAGO,479,1440,50.19
358,358,1,Test Data Name 358,NYC,480,1430,50.29
359,359,1,Test Data Name 359,DETROIT,481,1420,50.39
360,360,1,Test Data Name 360,NEOPOLITAN,482,1410,50.49
361,361,1,Test Data Name 361,SICILIAN,483,1400,50.59
362,362,1,Test Data Name 362,CHICAGO,484,1390,50.69
363,363,1,Test Data Name 363,NYC,485,1380,50.79
364,364,1,Test Data Name 364,DETROIT,486,1370,50.89
365,365,1,Test Data Name 365,NEOPOLITAN,487,1360,50.99
366,366,1,Test Data Name 366,SICILIAN,488,1350,51.09
367,367,1,Test Data Name 367,CHICAGO,489,1340,51.19
368,368,1,Test Data Name 368,NYC,490,1330,51.29
369,369,1,Test Data Name 369,DETROIT,491,1320,51.39
370,370,1,Test Data Name 370,NEOPOLITAN,492,1310,51.49
371,371,1,Test Data Name 371,SICILIAN,493,1300,51.59
372,372,1,Test Data Name 372,CHICAGO,494,1290,51.69
373,373,1,Test Data Name 373,NYC,495,1280,51.79
374,374,1,Test Data Name 374,DETROIT,496,1270,51.89
375,375,1,Test Data Name 375,NEOPOLITAN,497,1260,51.99
376,376,1,Test Data Name 376,SICILIAN,498,1250,52.09
377,377,1,Test Data Name 377,CHICAGO,499,1240,52.19
378,378,1,Test Data Name 378,NYC,500,1230,52.29
379,379,1,Test Data Name 379,DETROIT,501,1220,52.39
380,380,1,Test Data Name 380,NEOPOLITAN,502,1210,52.49
381,381,1,Test Data Name 381,SICILIAN,503,1200,52.59
382,382,1,Test Data Name 382,CHICAGO,504,1190,52.69
383,383,1,Test Data Name 383,NYC,505,1180,52.79
384,384,1,Test Data Name 384,DETROIT,506,1170,52.89
385,385,1,Test Data Name 385,NEOPOLITAN,507,1160,52.99
386,386,1,Test Data Name 386,SICILIAN,508,1150,53.09
387,387,1,Test Data Name 387,CHICAGO,509,1140,53.19
388,388,1,Test Data Name 388,NYC,510,1130,53.29
389,389,1,Test Data Name 389,DETROIT,511,1120,53.39
390,390,1,Test Data Name 390,NEOPOLITAN,512,1110,53.49
391,391,1,Test Data Name 391,SICILIAN,513,1100,53.59
392,392,1,Test Data Name 392,CHICAGO,514,1090,53.69
393,393,1,Test Data Name 393,NYC,515,1080,53.79
394,394,1,Test Data Name 394,DETROIT,516,1070,53.89
395,395,1,Test Data Name 395,NEOPOLITAN,517,1060,53.99
396,396,1,Test Data Name 396,SICILIAN,518,1050,54.09
397,397,1,Test Data Name 397,CHICAGO,519,1040,54.19
398,398,1,Test Data Name 398,NYC,520,1030,54.29
399,399,1,Test Data Name 399,DETROIT,521,1020,54.39
400,400,1,Test Data Name 400,NEOPOLITAN,522,1010,54.49
401,401,1,Test Data Name 401,SICILIAN,523,1000,54.59
402,402,1,Test Data Name 402,CHICAGO,524,990,54.69
403,403,1,Test Data Name 403,NYC,525,980,54.79
404,404,1,Test Data Name 404,DETROIT,526,970,54.89
405,405,1,Test Data Name 405,NEOPOLITAN,527,960,54.99
406,406,1,Test Data Name 406,SICILIAN,528,950,55.09
407,407,1,Test Data Name 407,CHICAGO,529,940,55.19
408,408,1,Test Data Name 408,NYC,530,930,55.29
409,409,1,Test Data Name 409,DETROIT,531,920,55.39
410,410,1,Test Data Name 410,NEOPOLITAN,532,910,55.49
411,411,1,Test Data Name 411,SICILIAN,533,900,55.59
412,412,1,Test Data Name 412,CHICAGO,534,890,55.69
413,413,1,Test Data Name 413,NYC,535,880,55.79
414,414,1,Test Data Name 414,DETROIT,536,870,55.89
415,415,1,Test Data Name 415,NEOPOLITAN,537,860,55.99
416,416,1,Test Data Name 416,SICILIAN,538,850,56.09
417,417,1,Test Data Name 417,CHICAGO,539,840,56.19
418,418,1,Test Data Name 418,NYC,540,830,56.29
419,419,1,Test Data Name 419,DETROIT,541,820,56.39
420,420,1,Test Data Name 420,NEOPOLITAN,542,810,56.49
421,421,1,Test Data Name 421,SICILIAN,543,800,56.59
422,422,1,Test Data Name 422,CHICAGO,544,790,56.69
423,423,1,Test Data Name 423,NYC,545,780,56.79
424,424,1,Test Data Name 424,DETROIT,546,770,56.89
425,425,1,Test Data Name 425,NEOPOLITAN,547,760,56.99
426,426,1,Test Data Name 426,SICILIAN,548,750,57.09
427,427,1,Test Data Name 427,CHICAGO,549,740,57.19
428,428,1,Test Data Name 428,NYC,550,730,57.29
429,429,1,Test Data Name 429,DETROIT,551,720,57.39
430,430,1,Test Data Name 430,NEOPOLITAN,552,710,57.49
431,431,1,Test Data Name 431,SICILIAN,553,700,57.59
432,432,1,Test Data Name 432,CHICAGO,554,690,57.69
433,433,1,Test Data Name 433,NYC,555,680,57.79
434,434,1,Test Data Name 434,DETROIT,556,670,57.89
435,435,1,Test Data Name 435,NEOPOLITAN,557,660,57.99
436,436,1,Test Data Name 436,SICILIAN,558,650,58.09
437,437,1,Test Data Name 437,CHICAGO,559,640,58.19
438,438,1,Test Data Name 438,NYC,560,630,58.29
439,439,1,Test Data Name 439,DETROIT,561,620,58.39
440,440,1,Test Data Name 440,NEOPOLITAN,562,610,58.49
441,441,1,Test Data Name 441,SICILIAN,563,600,58.59
442,442,1,Test Data Name 442,CHICAGO,564,590,58.69
443,443,1,Test Data Name 443,NYC,565,580,58.79
444,444,1,Test Data Name 444,DETROIT,566,570,58.89
445,445,1,Test Data Name 445,NEOPOLITAN,567,560,58.99
446,446,1,Test Data Name 446,SICILIAN,568,550,59.09
447,447,1,Test Data Name 447,CHICAGO,569,540,59.19
448,448,1,Test Data Name 448,NYC,570,530,59.29
449,449,1,Test Data Name 449,DETROIT,571,520,59.39
450,450,1,Test Data Name 450,NEOPOLITAN,572,510,59.49
451,451,1,Test Data Name 451,SICILIAN,573,500,59.59
452,452,1,Test Data Name 452,CHICAGO,574,490,59.69
453,453,1,Test Data Name 453,NYC,575,480,59.79
454,454,1,Test Data Name 454,DETROIT,576,470,59.89
455,455,1,Test Data Name 455,NEOPOLITAN,577,460,59.99
456,456,1,Test Data Name 456,SICILIAN,578,450,60.09
457,457,1,Test Data Name 457,CHICAGO,579,440,60.19
458,458,1,Test Data Name 458,NYC,580,430,60.29
459,459,1,Test Data Name 459,DETROIT,581,420,60.39
460,460,1,Test Data Name 460,NEOPOLITAN,582,410,60.49
461,461,1,Test Data Name 461,SICILIAN,583,400,60.59
462,462,1,Test Data Name 462,CHICAGO,584,390,60.69
463,463,1,Test Data Name 463,NYC,585,380,60.79
464,464,1,Test Data Name 464,DETROIT,586,370,60.89
465,465,1,Test Data Name 465,NEOPOLITAN,587,360,60.99
466,466,1,Test Data Name 466,SICILIAN,588,350,61.09
467,467,1,Test Data Name 467,CHICAGO,589,340,61.19
468,468,1,Test Data Name 468,NYC,590,330,61.29
469,469,1,Test Data Name 469,DETROIT,591,320,61.39
470,470,1,Test Data Name 470,NEOPOLITAN,592,310,61.49
471,471,1,Test Data Name 471,SICILIAN,593,300,61.59
472,472,1,Test Data Name 472,CHICAGO,594,290,61.69
473,473,1,Test Data Name 473,NYC,595,280,61.79
474,474,1,Test Data Name 474,DETROIT,596,270,61.89
475,475,1,Test Data Name 475,NEOPOLITAN,597,260,61.99
476,476,1,Test Data Name 476,SICILIAN,598,250,62.09
477,477,1,Test Data Name 477,CHICAGO,599,240,62.19
478,478,1,Test Data Name 478,NYC,600,230,62.29
479,479,1,Test Data Name 479,DETROIT,601,220,62.39
480,480,1,Test Data Name 480,NEOPOLITAN,602,210,62.49
481,481,1,Test Data Name 481,SICILIAN,603,200,62.59
482,482,1,Test Data Name 482,CHICAGO,604,190,62.69
483,483,1,Test Data Name 483,NYC,605,180,62.79
484,484,1,Test Data Name 484,DETROIT,606,170,62.89
485,485,1,Test Data Name 485,NEOPOLITAN,607,160,62.99
486,486,1,Test Data Name 486,SICILIAN,608,150,63.09
487,487,1,Test Data Name 487,CHICAGO,609,140,63.19
488,488,1,Test Data Name 488,NYC,610,130,63.29
489,489,1,Test Data Name 489,DETROIT,611,120,63.39
490,490,1,Test Data Name 490,NEOPOLITAN,612,110,63.49
491,491,1,Test Data Name 491,SICILIAN,613,100,63.59
492,492,1,Test Data Name 492,CHICAGO,614,90,63.69
493,493,1,Test Data Name 493,NYC,615,80,63.79
494,494,1,Test Data Name 494,DETROIT,616,70,63.89
495,495,1,Test Data Name 495,NEOPOLITAN,617,60,63.99
496,496,1,Test Data Name 496,SICILIAN,618,50,64.09
497,497,1,Test Data Name 497,CHICAGO,619,40,64.19
498,498,1,Test Data Name 498,NYC,620,30,64.29
499,499,1,Test Data Name 499,DETROIT,621,20,64.39
500,500,1,Test Data Name 500,NEOPOLITAN,622,10,64.49
